,Probabilidad predicciones de test
0,0.08856211149425282
1,0.2523645933059703
2,0.14431556408847845
3,0.11182733641841436
4,0.135863588451816
5,0.16754929658468237
6,0.4780578747067805
7,0.11849319488882129
8,0.0946485481772394
9,0.06324934572376419
10,0.5276726940489144
11,0.18159027977766826
12,0.3970824358164541
13,0.1830834218721233
14,0.15752977415110048
15,0.31896526030802896
16,0.11106260153514409
17,0.1916854015190035
18,0.18751046050198436
19,0.17900181424139658
20,0.12369420904075736
21,0.29535061484710606
22,0.15521364603946716
23,0.08393977975517143
24,0.3847464767327823
25,0.1738360130698218
26,0.1161948624155973
27,0.145226331450295
28,0.44105623649694414
29,0.18769412582184117
30,0.4523705356910536
31,0.12638918775715788
32,0.21940637316783
33,0.08341643262059356
34,0.27027610353977377
35,0.3338854042579766
36,0.09162161362471893
37,0.18153421656482477
38,0.21534503098526767
39,0.1510270062889466
40,0.10944249446305225
41,0.0992088221412179
42,0.18445651664648766
43,0.09416059120487696
44,0.08912427953412837
45,0.13344115026513736
46,0.08863761354144774
47,0.20051305662968913
48,0.2924438319016964
49,0.2396974063600166
50,0.14051783927863634
51,0.13286478736390836
52,0.37428463248685906
53,0.5644033971503647
54,0.131891811163381
55,0.279507412577345
56,0.11865259668833424
57,0.17978743763526647
58,0.16123432643193256
59,0.09850150151522927
60,0.17920797153019666
61,0.14492537483463017
62,0.08926678224535768
63,0.16649244078367254
64,0.20370902337498617
65,0.12825593596641247
66,0.057242332948392705
67,0.1460374208310954
68,0.1778476949364485
69,0.06277530869566136
70,0.4177733175553313
71,0.10791836109891069
72,0.17818893328307303
73,0.10047995019532234
74,0.14375203970234687
75,0.2056205859283043
76,0.1986298894929137
77,0.1594416345887061
78,0.1446129210509776
79,0.18759939706647472
80,0.19764889042548722
81,0.07271213538485317
82,0.14585200602646087
83,0.17856824119568987
84,0.2600192660380408
85,0.3904287275249646
86,0.20225009999138652
87,0.09156788856503183
88,0.36966635981674345
89,0.11938602698037269
90,0.12892592082460055
91,0.17009712703372906
92,0.1415395078380638
93,0.12607899550599097
94,0.15063771228875308
95,0.12350981875658981
96,0.20131537775396557
97,0.1800559662331251
98,0.1749247945489122
99,0.0950243774876445
100,0.38397057765063297
101,0.37638874016018176
102,0.3440986983189674
103,0.15835628445758
104,0.23494031541571309
105,0.1577887973580829
106,0.10027202318650437
107,0.20243853565201178
108,0.15625720812192787
109,0.21860972420628155
110,0.09795885076138446
111,0.3767681198719162
112,0.06543630368504284
113,0.22902207830389723
114,0.3170653382682319
115,0.13503398479084497
116,0.12728058983010213
117,0.11564767380653694
118,0.11164651182024436
119,0.14183091517857768
120,0.14650649662202167
121,0.4049682255435354
122,0.23899438680961324
123,0.08916382061922189
124,0.047655945227990076
125,0.333922373723733
126,0.21131161430217843
127,0.1591223485772448
128,0.22563440117046987
129,0.08455975493949834
130,0.11809606403382078
131,0.1874464358252555
132,0.1228521461502057
133,0.18769776054513035
134,0.10995296653987059
135,0.20034782597516143
136,0.18249261490788513
137,0.1188642181319455
138,0.11775892853471849
139,0.10059786724750273
140,0.09613177339501028
141,0.10648355463733511
142,0.08121533768535619
143,0.1292097541660685
144,0.30551614719212256
145,0.27358155901198306
146,0.15959967104892286
147,0.2768376363549583
148,0.2988801359973903
149,0.37082723331716866
150,0.16179653360203433
151,0.12083716675499005
152,0.5142535448785643
153,0.2377269532598744
154,0.18782805033152614
155,0.3780136033823102
156,0.08144004838656894
157,0.40346092857619675
158,0.27057043744151194
159,0.5057411863004785
160,0.1362871115277464
161,0.07582944143899087
162,0.13176776605081683
163,0.16486714780572984
164,0.3024907733356369
165,0.1916161118292977
166,0.12915371927993644
167,0.17829331089918407
168,0.078166689193322
169,0.39827812662208084
170,0.20438233014669746
171,0.06755039400950329
172,0.07404307734775939
173,0.13521011293038268
174,0.5148557633523452
175,0.22262489824608267
176,0.08073012878071675
177,0.13823602643178512
178,0.1725275297314528
179,0.15972254042490616
180,0.3993594790370143
181,0.08288173357991094
182,0.13359912790181522
183,0.09901461278918966
184,0.10770476648017832
185,0.2832862156584126
186,0.1480709628167073
187,0.29517825045047663
188,0.08138447801371539
189,0.19278444084566723
190,0.13281271992482035
191,0.09693313737093691
192,0.09399334359883714
193,0.18846146813639983
194,0.1142194469569374
195,0.3636939771501299
196,0.3556854245609856
197,0.23390214721273875
198,0.13499767126136938
199,0.18383954539418704
200,0.11022537673623221
201,0.1463309922887209
202,0.15157819288026514
203,0.10242118953658344
204,0.2261297209968981
205,0.08112081175669833
206,0.27429134165243696
207,0.10790520990711797
208,0.10940639366427343
209,0.5366791468559302
210,0.1237452059292324
211,0.13554898827261638
212,0.19594753055473657
213,0.16707431118330998
214,0.08787374021656742
215,0.25874057103859904
216,0.10636830575386387
217,0.15294343974010177
218,0.0714355229920816
219,0.23809168689942978
220,0.11496043346585784
221,0.1618315179648764
222,0.23808142529631476
223,0.14012744759129792
224,0.259865231409612
225,0.0720515609263721
226,0.44000140330799
227,0.13596439105822733
228,0.19267558565950638
229,0.11761071114799422
230,0.11962780210872691
231,0.2366762655003256
232,0.1957003274626973
233,0.28264798076677167
234,0.12088025466304103
235,0.1351753331468909
236,0.1187885504688521
237,0.1681312117603315
238,0.22443779940569186
239,0.41564412390455374
240,0.08770058569587098
241,0.26284335189178915
242,0.12329030196015897
243,0.20955352882917294
244,0.0868279081527947
245,0.3530497572702293
246,0.1511161552528659
247,0.10883610417313178
248,0.14314119218524748
249,0.25548257021024884
250,0.1555042703335545
251,0.0968959650858505
252,0.11417019772006656
253,0.4017227117409942
254,0.07757592516950756
255,0.2579859368713201
256,0.17371872668105492
257,0.18555970732831623
258,0.23738505560825357
259,0.16238150197263926
260,0.5221798202614168
261,0.19116767084410055
262,0.22180781032736532
263,0.32023092791676755
264,0.14743126743263066
265,0.09138451548145204
266,0.07991750596318187
267,0.16023145986425705
268,0.2737029133143049
269,0.4275341091443012
270,0.14756253700021488
271,0.09358506517855501
272,0.18701474691073533
273,0.15847592546037223
274,0.28450056984382155
275,0.13523001571917095
276,0.28911234778449735
277,0.12506658358734685
278,0.14502933996754389
279,0.30018079263619724
280,0.33034213070272683
281,0.10729285344796126
282,0.07338746700130645
283,0.3763000914052775
284,0.4004549687951863
285,0.07620936294105468
286,0.11987607798162203
287,0.10750191109682089
288,0.12422184294534971
289,0.1804849218407266
290,0.12470320605051734
291,0.5552841648421195
292,0.30249166811197686
293,0.11153234032718942
294,0.224048643817113
295,0.10196980697453835
296,0.11017836096948641
297,0.11457412274783188
298,0.11399011441705159
299,0.07534016872665064
300,0.4338318233284797
301,0.13757777194671186
302,0.11487652202696859
303,0.3349032652490465
304,0.2831641150025454
305,0.2843881975715212
306,0.24270033479930875
307,0.1363814637113501
308,0.15576720733340618
309,0.4870302921706746
310,0.2410035335629386
311,0.4383134370692136
312,0.16383306292123556
313,0.19342317635060832
314,0.2598208587010138
315,0.15583532995098198
316,0.2050964139648942
317,0.13836531809191763
318,0.21891880193766924
319,0.1336078479637248
320,0.09818411370250897
321,0.34788323149929234
322,0.5943093856500733
323,0.13813655428428323
324,0.073270277380475
325,0.39860761250772153
326,0.10286565890109536
327,0.384977636242704
328,0.09423769667164741
329,0.1556574760844193
330,0.2011558102743212
331,0.15939159704941772
332,0.12461480327734167
333,0.13210449403073904
334,0.14375423705002008
335,0.30093200489326266
336,0.14247991827321776
337,0.3402390263994949
338,0.27857063190330383
339,0.19372318108733996
340,0.28683930746562636
341,0.08853618333537633
342,0.24273230242231006
343,0.2097590601829386
344,0.4702949631975843
345,0.13043845039787472
346,0.5813909753246547
347,0.31254499539583613
348,0.19115349969596968
349,0.1117598471170757
350,0.2810336462051892
351,0.1053188460086423
352,0.42014459835383794
353,0.14376597726981782
354,0.18703250303105998
355,0.06593559996999313
356,0.1892862196090105
357,0.2984029773097736
358,0.08407511993020993
359,0.21507977224482258
360,0.1252379002455535
361,0.12486890123643198
362,0.1387331950217068
363,0.17805807963037612
364,0.13622497479866755
365,0.21244439114296917
366,0.33671428928675967
367,0.08074447273905179
368,0.08259164076596288
369,0.2871851189643878
370,0.16520286652000724
371,0.10051520921150768
372,0.08537714708971504
373,0.1744154596645968
374,0.13075746682813008
375,0.19653253706701698
376,0.10552526357397897
377,0.16411725669768903
378,0.10300565786492487
379,0.16140913847380553
380,0.08655477744206266
381,0.08122810859346907
382,0.24938929759533518
383,0.34931313377944
384,0.24936535736496937
385,0.262166513279243
386,0.3018382001087342
387,0.09356776231184677
388,0.18061200793053236
389,0.333734939221526
390,0.1757898271211564
391,0.13707454729671203
392,0.2704375388419512
393,0.17256990489446336
394,0.14254244385088005
395,0.1648262504231946
396,0.4114047987017608
397,0.1657605582133756
398,0.16618829578339317
399,0.09154448176229983
400,0.5834555102145484
401,0.1859189056217467
402,0.2357391876964751
403,0.17600251578713552
404,0.24141800405632505
405,0.11175859558400329
406,0.10116547249542815
407,0.13940890310472448
408,0.11163169684624961
409,0.15899817237645228
410,0.09540567074636738
411,0.13677018966940194
412,0.23856054738222376
413,0.13822578320444331
414,0.16459213328800618
415,0.11927151615213238
416,0.08551298289524543
417,0.06752249322865406
418,0.18979694310011652
419,0.13405715137198118
420,0.2976634198788158
421,0.14876212744840572
422,0.083931579803487
423,0.11422489401647033
424,0.13468746421848127
425,0.13530070582670256
426,0.10064549695695214
427,0.24150163955302395
428,0.22509396395074052
429,0.14884593288008421
430,0.11186959107799362
431,0.10832243765514354
432,0.16398807738630494
433,0.10158195337751416
434,0.19935130324660394
435,0.12549658164759295
436,0.2199561996631534
437,0.28183069984507453
438,0.08712806307878732
439,0.14261623347226307
440,0.13656485081222502
441,0.12622043961273488
442,0.14058308446520176
443,0.09994944656247731
444,0.11310248486679482
445,0.07866470260739084
446,0.1299787995390787
447,0.0788002333674654
448,0.0965315344834429
449,0.43449770493217754
450,0.1462113798256939
451,0.20561102185345617
452,0.1605058192960684
453,0.26346204225539677
454,0.19157299988456863
455,0.065961946295424
456,0.18107004203284058
457,0.10135865507302352
458,0.15583571410104569
459,0.20153094871813793
460,0.29984006339719776
461,0.1137660211817847
462,0.4249349929286455
463,0.5057831821492779
464,0.20091199828562903
465,0.20300071747352286
466,0.13873598197187567
467,0.09213689584330428
468,0.08127278114528387
469,0.4189453737221515
470,0.1903895625585856
471,0.20793145355056178
472,0.14328491966842374
473,0.4784328650460758
474,0.09774415656769005
475,0.2817850442584397
476,0.60289921686262
477,0.3664036305857545
478,0.20286289612102132
479,0.16544900126075618
480,0.29713895275769475
481,0.17421099049913108
482,0.135693170411627
483,0.08420246658019816
484,0.0996744645944802
485,0.09293998820812854
486,0.16846405415739238
487,0.10069165189227539
488,0.13992401565628262
489,0.08640649866196812
490,0.21632589828648505
491,0.2680442968880198
492,0.34513645122597103
493,0.14026555677971717
494,0.1001765817080451
495,0.3397489572034127
496,0.11660828191110673
497,0.07420096076919568
498,0.27750176426537576
499,0.23525041683276093
500,0.193716164912515
501,0.32090478070443884
502,0.44197735577242625
503,0.07798920087837771
504,0.21523616875695456
505,0.3210407098700558
506,0.19086899609016653
507,0.07301644618026065
508,0.16564064872548612
509,0.5016083006037362
510,0.12089099656561901
511,0.24800706304710032
512,0.16158364135642286
513,0.1500882906285234
514,0.1981264520750931
515,0.11787276184660561
516,0.079524090569138
517,0.16696911876609719
518,0.29116434175540323
519,0.07361977398680805
520,0.26585358843969764
521,0.1526930708854466
522,0.08993926163294054
523,0.09919884152798873
524,0.18125102668752463
525,0.09539647317938797
526,0.20358639851851654
527,0.1809942521482472
528,0.20179593971784043
529,0.09729894976638455
530,0.12611079785180979
531,0.10333910718796673
532,0.32740100249944026
533,0.11611391891124222
534,0.11872451949296947
535,0.13182802652804088
536,0.15260480180071054
537,0.18912440669090805
538,0.2612115150006064
539,0.12620220358519033
540,0.06398669062014388
541,0.16597518419887453
542,0.16364507831310232
543,0.2595242744947342
544,0.108645362347246
545,0.2091006594090704
546,0.10836806272983648
547,0.10475472115338219
548,0.18252362979741787
549,0.10895453474149533
550,0.46726668706099256
551,0.33871365255230923
552,0.3424634171184576
553,0.1649682005468611
554,0.34775933780543206
555,0.27114811443629633
556,0.1321252934175684
557,0.16902144184281714
558,0.084868586750437
559,0.11431275657145591
560,0.11094852718186532
561,0.0927109605106757
562,0.10741021214834727
563,0.3630477676140758
564,0.6822127870286947
565,0.2115538081496996
566,0.2113713686860732
567,0.09473433012696802
568,0.17527632887094022
569,0.2280164055033581
570,0.2503372078342197
571,0.1650466564626961
572,0.0910713957063566
573,0.19384997133483542
574,0.13053405472985605
575,0.18031030325902075
576,0.14683539043939844
577,0.42932276265966396
578,0.07668179935493206
579,0.0817784125466682
580,0.07804747496463543
581,0.14878084131849278
582,0.08621069495322166
583,0.1922659869291497
584,0.1205272068151342
585,0.11274855144848298
586,0.3011462394049054
587,0.332140876404786
588,0.1556484592820403
589,0.47394816066773965
590,0.12202597760864915
591,0.35600112962891456
592,0.10680200537383361
593,0.39050933275353095
594,0.22220711374127305
595,0.1475426574474281
596,0.16340488835132838
597,0.17177318272777203
598,0.1538833302034039
599,0.16965607234055743
600,0.21287227189189126
601,0.07378668855761479
602,0.12174836197374533
603,0.42104163304777437
604,0.14521799264946667
605,0.2485429109957367
606,0.21105617722165898
607,0.21812327523430194
608,0.09867477113871363
609,0.2907782692793945
610,0.36389005280576653
611,0.13582729855611392
612,0.1485942783605272
613,0.2114551375824612
614,0.2939333136801098
615,0.07808202721768785
616,0.1866321753776496
617,0.11974405011245799
618,0.0929941987942313
619,0.17513828554858288
620,0.19600179930737485
621,0.3854892053521895
622,0.1368594479925072
623,0.11935770256198609
624,0.2105523321942236
625,0.13177038767434907
626,0.10150751585921902
627,0.1606732324235949
628,0.1658151215178833
629,0.2206583738196262
630,0.2180345599465818
631,0.18346792959371802
632,0.2731645676915801
633,0.13086767282426054
634,0.23678581148394473
635,0.20574277375834382
636,0.15856086005628958
637,0.22723786849720037
638,0.21006548928743762
639,0.09803667996597183
640,0.3410604247409224
641,0.22782926101617074
642,0.15985537297844854
643,0.3240634965708619
644,0.35202035830500417
645,0.10141568027967479
646,0.13634740466151477
647,0.12788412053898646
648,0.2136107032116399
649,0.23754233949759834
650,0.14613324226524307
651,0.10120343938959848
652,0.15642417168349854
653,0.1649212985942074
654,0.24691762176942667
655,0.14846051687964767
656,0.19190430311897383
657,0.3186423029725142
658,0.24178222540440816
659,0.17351451752969888
660,0.11254020752478773
661,0.07061104572558746
662,0.30001666506318503
663,0.13480548757013489
664,0.3376882423028903
665,0.1636251626154998
666,0.4852227017230507
667,0.14853144378446537
668,0.1395121326188057
669,0.15930179488599397
670,0.14682003698822949
671,0.11190446426119191
672,0.30415309679737385
673,0.05254391988055996
674,0.12288993768320519
675,0.0890816071869641
676,0.09890675462883049
677,0.26942064221532824
678,0.17134339603213017
679,0.08734001759487522
680,0.11152961164675593
681,0.20153212967086756
682,0.18309805479939817
683,0.07566491239106378
684,0.44763374821415963
685,0.1538345389388636
686,0.09669386904657928
687,0.11100669060045751
688,0.13478791652872038
689,0.2317525859890264
690,0.06697304191275652
691,0.2478075697574733
692,0.10767962485031528
693,0.3594931578889159
694,0.08425569305252895
695,0.059550840987740945
696,0.28560166174856416
697,0.08625846643903677
698,0.3217311055500217
699,0.3803594309001738
700,0.14285546458754844
701,0.41561049138517364
702,0.14590190299013772
703,0.19574508879027533
704,0.11521495021113506
705,0.3333632006419229
706,0.08501646515434688
707,0.24055453474930893
708,0.09331396570503858
709,0.32139088332094434
710,0.14228478799450836
711,0.09573254199552085
712,0.2602927440474375
713,0.14217954770965663
714,0.5506418117602816
715,0.13860083626117967
716,0.3041842698063085
717,0.3247466917827033
718,0.2195570961228084
719,0.15017801807211065
720,0.500403022259911
721,0.3895270652821366
722,0.4709687372949603
723,0.3027635647101734
724,0.5149998176088223
725,0.3648442940406193
726,0.2384744734198099
727,0.26589760255414185
728,0.3015358680456552
729,0.09542847116317849
730,0.10099437039520617
731,0.2038651294448478
732,0.07674444367372175
733,0.11064349160978947
734,0.11953231189097023
735,0.16110125355280502
736,0.15851635496549932
737,0.2625882345583294
738,0.16443491458941784
739,0.1542166190618805
740,0.3028319924072135
741,0.14716884339183514
742,0.10647739152966057
743,0.38978464783564454
744,0.11477135716234352
745,0.3900035758291378
746,0.09803962297118145
747,0.0850637805139729
748,0.32296852507849844
749,0.1719800750922699
750,0.4001996893248524
751,0.10818617475985853
752,0.13462386506016832
753,0.2468906957147232
754,0.12208859170927722
755,0.29140357237030406
756,0.17718183986165315
757,0.13314764072537985
758,0.08718929492987149
759,0.1499083309836656
760,0.21276839298096342
761,0.11414130931816914
762,0.4194331715610458
763,0.07298569868382995
764,0.4444110926826035
765,0.1478042598215551
766,0.15260713887932023
767,0.07686839306923407
768,0.37959369918986624
769,0.1160346328106065
770,0.14630691368932852
771,0.10641492868808515
772,0.4873904548601809
773,0.13789398748854334
774,0.1620603185696671
775,0.23797072558988627
776,0.13842290423107934
777,0.2560869276893738
778,0.08179720291806704
779,0.15845156481301056
780,0.23118645021613915
781,0.40300250494828943
782,0.3463469894907852
783,0.11188959994768723
784,0.4092761456533115
785,0.48543893817042105
786,0.1609327170776459
787,0.15428128000324254
788,0.24652444422619496
789,0.2170209284326783
790,0.09743125795008101
791,0.10603891141728139
792,0.3698081725069164
793,0.07598631034147237
794,0.11934640515686193
795,0.19610705974857812
796,0.07869003922928304
797,0.1532064391624969
798,0.043196283232526854
799,0.35673233566942686
800,0.08006648969016522
801,0.08990329740920253
802,0.19283218091307167
803,0.0932815666460217
804,0.36275114115160223
805,0.22718606628144056
806,0.2733080330939207
807,0.3716826260123987
808,0.13541882861277843
809,0.09356870970298974
810,0.08503738068467931
811,0.2633276968358502
812,0.12070204606005083
813,0.1383251201620117
814,0.28465226213406064
815,0.2017813433773413
816,0.15135477890950677
817,0.2692947832497964
818,0.7714241401992742
819,0.13610448755599075
820,0.18839886338531578
821,0.18346957173989675
822,0.09736942375743339
823,0.15617029101235255
824,0.3659631210335903
825,0.3078247879512106
826,0.1472874443824792
827,0.16071818141640432
828,0.07859180945441768
829,0.10726223135386852
830,0.10855012253189963
831,0.34086150611940075
832,0.18906550209534395
833,0.15576469783642594
834,0.10058755188580855
835,0.08275871813424458
836,0.1565852858528076
837,0.3642301408139654
838,0.14242268156652982
839,0.3039523454368794
840,0.08711663886448377
841,0.3082383644303521
842,0.18252648255409418
843,0.27693551562833335
844,0.43731527476932797
845,0.3184148289959902
846,0.20256605705826447
847,0.10996295500773103
848,0.2900870294710735
849,0.1849334169612383
850,0.3531115221715737
851,0.1992995125469871
852,0.2989170417271195
853,0.33963565078083713
854,0.09303547906345984
855,0.07395064260828964
856,0.09719997389463328
857,0.2129612817432062
858,0.10701266484689259
859,0.46533252830808225
860,0.11701199560286304
861,0.11105273734185725
862,0.13915273840670936
863,0.08707464978947504
864,0.16721660486204845
865,0.15650036122763178
866,0.19441823485400309
867,0.09069838998898422
868,0.09322760221454457
869,0.11535380889892571
870,0.14156821463198782
871,0.3821738926683127
872,0.188828287576694
873,0.40204432298429055
874,0.32890792299923993
875,0.37643524635714753
876,0.19930257291187056
877,0.124946733356302
878,0.26294336993672435
879,0.1051625022076036
880,0.15138936382320514
881,0.13738625503313306
882,0.12001682155819861
883,0.4341069397627069
884,0.14442341005955617
885,0.24261125189720545
886,0.09125418599340532
887,0.09822520856020282
888,0.3772587720320668
889,0.2036595253062381
890,0.11959501136070938
891,0.11919390755807237
892,0.1659828027028955
893,0.0906944627910575
894,0.18755977350865868
895,0.2455307472000129
896,0.12757520308485223
897,0.21583989517847993
898,0.42241310768337154
899,0.2410019825765428
900,0.1061273636163221
901,0.07551164406075547
902,0.0932318989223496
903,0.13012834558546982
904,0.11556656608473428
905,0.12835023079153082
906,0.31631780517154257
907,0.3392976200982121
908,0.16245313936539227
909,0.2639536961194958
910,0.08104768463035286
911,0.1248475369137264
912,0.249154645430437
913,0.21699366448625823
914,0.21984051342070918
915,0.2382437167416183
916,0.10592254280367705
917,0.35096665328289006
918,0.09346700750497854
919,0.11970215412650098
920,0.3531990747588876
921,0.17851402412607695
922,0.19267345536220537
923,0.15716642636337733
924,0.12743461499832215
925,0.2210569426055378
926,0.6506265055268209
927,0.22186242811327408
928,0.15855009024886332
929,0.174133407806871
930,0.08463325592265566
931,0.08440963291869934
932,0.09053094165394279
933,0.10590972731196467
934,0.09025504555874386
935,0.07671170405674706
936,0.08621155616636354
937,0.06781752399097472
938,0.08118797770867753
939,0.2543849184975588
940,0.165886275493497
941,0.33974590410155864
942,0.10527015246076202
943,0.4225516684509427
944,0.1463501858870413
945,0.11645741623459796
946,0.5312679151685059
947,0.15036659207116312
948,0.124619899497804
949,0.06463969468195072
950,0.1325821711170745
951,0.09828679185765135
952,0.09813365497760924
953,0.2340985297835291
954,0.17830810612911577
955,0.06679615039014435
956,0.47164776974737926
957,0.25795644920407673
958,0.16832263013341447
959,0.15793758314282744
960,0.13329239256715966
961,0.10426206016662913
962,0.11687925547043698
963,0.42551499295308515
964,0.08458364638679813
965,0.11557383455982556
966,0.4060479810013963
967,0.3844655758225624
968,0.10463956124574525
969,0.2346049957293695
970,0.15150178480900559
971,0.236955986245161
972,0.2486256602403365
973,0.09936725594373487
974,0.16369053192078184
975,0.11993840708833597
976,0.133025099806922
977,0.1289633926465933
978,0.467600539945741
979,0.33461019295459715
980,0.2518360054096415
981,0.12002041475581779
982,0.18865690259205725
983,0.31589248331612324
984,0.16397563481197028
985,0.13207122616069272
986,0.15442027546986084
987,0.06579352517128967
988,0.2308851215619865
989,0.13895955906929927
990,0.12787770809692217
991,0.2814222908378873
992,0.2106266394767779
993,0.13606240812862566
994,0.3571975515884981
995,0.19751039969830217
996,0.41241567026779197
997,0.1498928459002184
998,0.16432400880963852
999,0.2668015092073729
1000,0.5061475288151425
1001,0.08884206913725022
1002,0.40905609061139986
1003,0.1254638416393734
1004,0.4524974033804113
1005,0.18524544942515814
1006,0.17810380100776338
1007,0.3492770440705697
1008,0.1876118253497605
1009,0.14371637691745692
1010,0.5326360812276162
1011,0.22288821269391187
1012,0.16821819299256494
1013,0.09995881801232447
1014,0.276275567137996
1015,0.19797438722416
1016,0.1949412217024739
1017,0.09834969660069513
1018,0.13969392285683205
1019,0.10858483365038558
1020,0.15442070059626786
1021,0.3486512823679453
1022,0.3306162733052371
1023,0.08873890813974168
1024,0.3382953756249017
1025,0.1539173416791481
1026,0.22818851819000088
1027,0.08861344291742398
1028,0.16479673305622847
1029,0.17769004011452172
1030,0.23277887183719573
1031,0.23734909517945182
1032,0.20368649912443162
1033,0.13671332376271175
1034,0.07251267449388757
1035,0.15931633883456778
1036,0.4436797682588105
1037,0.09232761653960483
1038,0.17754254110854698
1039,0.14567893526065068
1040,0.2417974727251807
1041,0.12138030311787108
1042,0.4359349405693267
1043,0.29039830768932823
1044,0.34127657845853626
1045,0.3103431091528518
1046,0.1831864800146699
1047,0.10522231032266464
1048,0.08785986547341605
1049,0.4949032175614935
1050,0.27927257665155214
1051,0.08151293828775254
1052,0.25129539177525806
1053,0.13005946417759986
1054,0.3945950110959934
1055,0.1588254289668601
1056,0.3210833192257895
1057,0.10473770237719597
1058,0.3999280772542845
1059,0.2021176770684483
1060,0.10829145553597186
1061,0.1641607948833961
1062,0.09183245225485341
1063,0.10981078283283849
1064,0.08922038995902884
1065,0.5216741210932252
1066,0.19702495912457035
1067,0.09796215137527468
1068,0.2103569715678081
1069,0.21725908018612364
1070,0.10261674430080925
1071,0.165850550413228
1072,0.2492447206110152
1073,0.07863857611073662
1074,0.10889810405215268
1075,0.13963324718850606
1076,0.12283462607328159
1077,0.2878063091000742
1078,0.322096549648844
1079,0.13869602646223747
1080,0.11345658753640374
1081,0.19624577477244823
1082,0.09672625375766525
1083,0.0802063333674777
1084,0.5961263339725674
1085,0.26932205153073846
1086,0.19535015292236038
1087,0.09709905386431081
1088,0.17296995652580383
1089,0.17595867604101606
1090,0.10664546011366291
1091,0.1206412319950435
1092,0.3994821533455612
1093,0.20192689170851222
1094,0.10176552128795159
1095,0.06844601421537488
1096,0.11731160873070894
1097,0.31015267508670474
1098,0.15735153641016583
1099,0.24950697148716447
1100,0.15730439111700978
1101,0.11123231167824973
1102,0.08584771710708718
1103,0.1150583981782246
1104,0.08952592931623907
1105,0.3367192909767352
1106,0.16228848936386162
1107,0.07115102007285852
1108,0.1617541758448698
1109,0.31344593265202214
1110,0.09981526893334516
1111,0.1994281533926687
1112,0.38504422717820314
1113,0.13975224141856482
1114,0.09346348316475503
1115,0.11746246820792426
1116,0.11300530795209741
1117,0.23025118776863648
1118,0.31471372364471456
1119,0.22898906239220243
1120,0.3646968192360881
1121,0.15216696789887033
1122,0.15718506911421795
1123,0.1407451141864843
1124,0.07813636848462521
1125,0.1529964151849704
1126,0.23448575571326308
1127,0.10902437756409734
1128,0.15408492501092658
1129,0.08889310802836932
1130,0.15443936470371092
1131,0.12841351169896345
1132,0.36541847450048837
1133,0.14409413855239825
1134,0.4962734664711201
1135,0.465662884508999
1136,0.09219685641211349
1137,0.22732063337220615
1138,0.5547930070493806
1139,0.31043447849152545
1140,0.31228156849688954
1141,0.20981006325379764
1142,0.0914168206638418
1143,0.2791758574703136
1144,0.10529356181070339
1145,0.07584915920817602
1146,0.06443503603509453
1147,0.13446548529653643
1148,0.15553475669145742
1149,0.14625646329103145
1150,0.1623641985073363
1151,0.17645964405167783
1152,0.6062428824553208
1153,0.10423396678449583
1154,0.16983541082228845
1155,0.08545191415015722
1156,0.1333679818161231
1157,0.19672358495961814
1158,0.14633722408674393
1159,0.27651573849374195
1160,0.12367063800882942
1161,0.21937925903357638
1162,0.13248710177566034
1163,0.09737535104363167
1164,0.09319431794429912
1165,0.40017688671011925
1166,0.17533223282997992
1167,0.331151943111589
1168,0.13155202831284446
1169,0.36721023573582984
1170,0.1382875761163354
1171,0.07485959444726047
1172,0.31250579828093233
1173,0.1143992782980013
1174,0.09559640616739362
1175,0.6473515785998665
1176,0.10785293955346822
1177,0.16614854672268994
1178,0.2554433193218207
1179,0.1002969045946703
1180,0.10285267988706934
1181,0.12726160327185493
1182,0.08691376250807573
1183,0.14882959824111405
1184,0.10271115906772035
1185,0.3530823934000489
1186,0.21473797676926773
1187,0.11834875806406407
1188,0.09366449488118511
1189,0.4620822352522062
1190,0.1802311140445295
1191,0.15710018763157843
1192,0.15446510144191997
1193,0.21302310431111413
1194,0.19388501324244284
1195,0.33145295746161124
1196,0.12727786270660854
1197,0.3272157292302469
1198,0.1380731070669415
1199,0.168470138229415
1200,0.15357618068340864
1201,0.13480963796792236
1202,0.09335632906090742
1203,0.12694418629698792
1204,0.09731792342319445
1205,0.19429358696260607
1206,0.40823689856434797
1207,0.14935686807241588
1208,0.5813148677298893
1209,0.1602465289302224
1210,0.1498790712103641
1211,0.12526313115179308
1212,0.17598127276857456
1213,0.2108339684632043
1214,0.08730871410060888
1215,0.08771276554894762
1216,0.10769146535499312
1217,0.4427387998153371
1218,0.08828049349153702
1219,0.136715068247836
1220,0.37257328115877425
1221,0.26278504934035174
1222,0.1905201719707901
1223,0.2879458119730094
1224,0.22681022471972168
1225,0.20272093852505607
1226,0.07816931775169156
1227,0.13854012163563773
1228,0.18203058946856013
1229,0.24640165604065842
1230,0.30100333721982986
1231,0.1970749826199445
1232,0.13891104700186171
1233,0.17237471261730075
1234,0.3367972320516755
1235,0.5326218718696968
1236,0.3658151912073663
1237,0.1591407101197972
1238,0.3306663930486055
1239,0.07705604161975113
1240,0.1576098669034307
1241,0.11104467455979031
1242,0.24361091303542148
1243,0.09101824657384645
1244,0.067891780150893
1245,0.1068585007714807
1246,0.09858595919595131
1247,0.13112214654033877
1248,0.18829403695343527
1249,0.1865946736580119
1250,0.0977182083833809
1251,0.10118077245752949
1252,0.1491333827913444
1253,0.12242941458491297
1254,0.13250671944588494
1255,0.18872116974110095
1256,0.6906061195632455
1257,0.20044817094620107
1258,0.10442626924150852
1259,0.2684445121567646
1260,0.2305962742830756
1261,0.13040914563528647
1262,0.10225617460030918
1263,0.11155044768173275
1264,0.1164700427524182
1265,0.084181070563125
1266,0.16143617540128552
1267,0.11011567286211972
1268,0.3090904922564053
1269,0.10130040993310357
1270,0.1633985365864729
1271,0.05899731998209207
1272,0.2319182677757742
1273,0.14609218473252433
1274,0.3538353770317294
1275,0.11628342398097596
1276,0.514492160427445
1277,0.07449486806260343
1278,0.18212020080361788
1279,0.2609623746563325
1280,0.08183453432423562
1281,0.25703306153775396
1282,0.10797429814921922
1283,0.13358780914923843
1284,0.2037481917252774
1285,0.1300789713189606
1286,0.39506347647657264
1287,0.08644612290534795
1288,0.1078560914009308
1289,0.40798081237298434
1290,0.22834110880162048
1291,0.4370092327238342
1292,0.16915508413075703
1293,0.21329446001898725
1294,0.3613687161972762
1295,0.11205246140287307
1296,0.11623002087519682
1297,0.18421827182109524
1298,0.14859295753441135
1299,0.08256249790015441
1300,0.16631809972217682
1301,0.18427986469564206
1302,0.0953395577277074
1303,0.2200225022170701
1304,0.10150848752434073
1305,0.16368415355604524
1306,0.36023669138273456
1307,0.09220917186036683
1308,0.38590163117078674
1309,0.19033992755077345
1310,0.14360865189163546
1311,0.18601618338851922
1312,0.24519085721619843
1313,0.15172203334047668
1314,0.13499918937835725
1315,0.12895822457513606
1316,0.09048035722508072
1317,0.12292629011439551
1318,0.11431593798824893
1319,0.21082667446523204
1320,0.12665917710761493
1321,0.18958874820007068
1322,0.09821319414562776
1323,0.12682354496132553
1324,0.34538008231549366
1325,0.09409480010497176
1326,0.2318863713308023
1327,0.21081460523934975
1328,0.08730062725301516
1329,0.1736466490467853
1330,0.15167541574598745
1331,0.1932200536977097
1332,0.4325632143012285
1333,0.06588645198007297
1334,0.09581543779624362
1335,0.14598174745427875
1336,0.4034502074894388
1337,0.0922636464630524
1338,0.17380042557072234
1339,0.11396254454006956
1340,0.09187682313045806
1341,0.17871819276295373
1342,0.18046845814992082
1343,0.20827324738043287
1344,0.18398064228942532
1345,0.11261647488137812
1346,0.22348597319551383
1347,0.19166199704091633
1348,0.14663683352628742
1349,0.12489219417119997
1350,0.12847886857778276
1351,0.20358593151831061
1352,0.34150118920389205
1353,0.11529265910610535
1354,0.4000888485639268
1355,0.16039550755374513
1356,0.26542496863787596
1357,0.12041535844597578
1358,0.13756096241794835
1359,0.09339995893310733
1360,0.14304798851988756
1361,0.09612521256196493
1362,0.3641227416555488
1363,0.09314339554159158
1364,0.11111196835816894
1365,0.09748520772103206
1366,0.3591498506909129
1367,0.15669155394644357
1368,0.10506665070282557
1369,0.14299888238073247
1370,0.38853530454373447
1371,0.1645632046002136
1372,0.09743981834048637
1373,0.2877615419913995
1374,0.14060649719166227
1375,0.2782753104399059
1376,0.23678682171824625
1377,0.35389752966712085
1378,0.30728178635579045
1379,0.17242829224039857
1380,0.11752252926441904
1381,0.20808853844324862
1382,0.05898525355770332
1383,0.0859771696749891
1384,0.21154889749514807
1385,0.14670283129429912
1386,0.2651549028640895
1387,0.15477214812873755
1388,0.08263698710091708
1389,0.10238514150135271
1390,0.18548564919666086
1391,0.1853589116714403
1392,0.13342156361904198
1393,0.3460994140278091
1394,0.15230197942177057
1395,0.15106158215246238
1396,0.101887917973339
1397,0.10890014357405586
1398,0.1206318022340528
1399,0.11150628855127472
1400,0.17498228018289527
1401,0.47435453037876646
1402,0.21307563554012698
1403,0.2350831053495569
1404,0.1852985522156446
1405,0.13803951967539826
1406,0.21869146982599483
1407,0.1227117080035219
1408,0.3049187486772523
1409,0.387531111441835
1410,0.0979640688870009
1411,0.09923936019728125
1412,0.5546291640582696
1413,0.09282393932285277
1414,0.4485460957255661
1415,0.4968532484186115
1416,0.14245929023955006
1417,0.26639955758559164
1418,0.10124289098590097
1419,0.2833587825838514
1420,0.12325010074118746
1421,0.1702501372762945
1422,0.21347175048627973
1423,0.21428359814170195
1424,0.19207803184746736
1425,0.21887968794187845
1426,0.17223864197599198
1427,0.14114457164057398
1428,0.3605587133019025
1429,0.3136148517387522
1430,0.12806480632704714
1431,0.08038172545076189
1432,0.10391102734664395
1433,0.1854853788697744
1434,0.0928780852392883
1435,0.15306253300984976
1436,0.06258499945705255
1437,0.09341111520168882
1438,0.12063032861736654
1439,0.35761763984972356
1440,0.06680759271891953
1441,0.1509396085540744
1442,0.36850651686389263
1443,0.2183904268751661
1444,0.2728814496437058
1445,0.63890462504564
1446,0.15575821008937615
1447,0.09688012845850513
1448,0.2342502473418053
1449,0.19242776217189134
1450,0.13231953612372527
1451,0.17206755815693275
1452,0.11199653904016527
1453,0.24039066893357625
1454,0.13780855387006613
1455,0.1263944125941492
1456,0.12388125902267375
1457,0.3210092711076237
1458,0.20630682052609567
1459,0.12329928131611778
1460,0.07892217743190412
1461,0.08495813928382424
1462,0.16420642661686366
1463,0.07846102756843858
1464,0.37470882088449664
1465,0.23841683898589744
1466,0.09471381270697614
1467,0.20274704654653256
1468,0.10166838484179874
1469,0.37387036226787074
1470,0.16593809241418322
1471,0.13064130141173175
1472,0.24549499050862558
1473,0.5399785338717885
1474,0.0797003470952353
1475,0.25484137097447845
1476,0.19000798426055904
1477,0.0932985563677772
1478,0.06374338562351824
1479,0.13779244385431386
1480,0.09793078856977924
1481,0.1685012678044335
1482,0.1859636093541058
1483,0.08198300672640065
1484,0.07664637667161969
1485,0.08553437703937011
1486,0.09691156795813173
1487,0.14697216289260373
1488,0.2223255828672719
1489,0.37914185833220526
1490,0.12458235658476406
1491,0.1170155182537304
1492,0.17575859497792803
1493,0.15237792634494982
1494,0.17285822449475557
1495,0.08968679283478845
1496,0.19773672811492526
1497,0.10231161122863953
1498,0.08465884953566356
1499,0.3485609054399761
1500,0.14465375899329022
1501,0.14382734973546765
1502,0.3125960076642871
1503,0.14103860986747685
1504,0.09744402299213026
1505,0.19375428172898515
1506,0.08362679939918742
1507,0.18202361095975786
1508,0.20419708849434048
1509,0.12288596599550401
1510,0.3094387931200011
1511,0.07532755801878557
1512,0.0872545637373083
1513,0.12676003908475045
1514,0.14068260309813066
1515,0.08195854140393515
1516,0.07967196209628347
1517,0.490773105024563
1518,0.193284049556002
1519,0.18513200405840688
1520,0.14413928186255823
1521,0.3678570566902269
1522,0.10628998549447276
1523,0.1372168151891992
1524,0.08699085589293447
1525,0.20038715455925157
1526,0.6084768532871009
1527,0.3460179386389883
1528,0.08624871608066313
1529,0.5408941165087452
1530,0.23646287680789768
1531,0.08815290109753293
1532,0.3773456822342321
1533,0.14508624564866138
1534,0.14702506477864877
1535,0.09424282008580469
1536,0.08493036547515188
1537,0.15431571572429262
1538,0.3590403998675743
1539,0.2410659678752691
1540,0.20089599696166108
1541,0.3192839598358265
1542,0.1251451577931366
1543,0.26437696690604406
1544,0.1616215322748803
1545,0.10891842008953946
1546,0.10082348321090796
1547,0.13976290864010563
1548,0.13927748903362766
1549,0.21067463058386635
1550,0.11195252895487909
1551,0.29495151057057006
1552,0.30974106330327283
1553,0.16733516514930255
1554,0.08420923179998249
1555,0.09795492454663211
1556,0.15536066868133194
1557,0.11945433339646436
1558,0.26681499032745876
1559,0.3661464190955756
1560,0.5513214302044066
1561,0.08993468511242082
1562,0.13484757019137983
1563,0.16669435986892628
1564,0.14786486707218433
1565,0.09790948578200817
1566,0.2523600019668177
1567,0.09601310209038076
1568,0.14665235408162855
1569,0.09246552586898553
1570,0.13827775139928378
1571,0.31441806642493386
1572,0.2080498661518416
1573,0.21919242388932317
1574,0.3387428116226081
1575,0.2507562112010344
1576,0.15971526112289852
1577,0.1533850389677461
1578,0.27540122097632797
1579,0.16234851593649066
1580,0.07533965455690406
1581,0.11136360301388336
1582,0.08723747660452626
1583,0.18172383787259558
1584,0.17766028328514416
1585,0.10727065164134233
1586,0.20622118900871536
1587,0.21257749388527694
1588,0.20569343259289374
1589,0.07355946125779501
1590,0.16063247426104174
1591,0.2228623415137338
1592,0.19371449843733
